# Host: 172.22.255.125  (Version: 5.0.96-community-nt)
# Date: 2019-07-17 18:50:43
# Generator: MySQL-Front 5.3  (Build 4.234)

/*!40101 SET NAMES utf8 */;

#
# Structure for table "customermapping"
#

DROP TABLE IF EXISTS `customermapping`;
CREATE TABLE `customermapping` (
  `Customer` char(255) NOT NULL,
  `Item` char(255) NOT NULL
) ENGINE=MyISAM DEFAULT CHARSET=utf8;

#
# Data for table "customermapping"
#

/*!40000 ALTER TABLE `customermapping` DISABLE KEYS */;
INSERT INTO `customermapping` VALUES ('PACE',''),('PACE','');
/*!40000 ALTER TABLE `customermapping` ENABLE KEYS */;

#
# Structure for table "events"
#

DROP TABLE IF EXISTS `events`;
CREATE TABLE `events` (
  `id` int(11) NOT NULL auto_increment,
  `eventType` char(255) NOT NULL,
  `FunId` char(255) NOT NULL,
  `Description` char(255) NOT NULL,
  `eTime` timestamp NOT NULL default '0000-00-00 00:00:00' on update CURRENT_TIMESTAMP,
  `uid` char(255) NOT NULL,
  UNIQUE KEY `id` (`id`)
) ENGINE=MyISAM DEFAULT CHARSET=utf8;

#
# Data for table "events"
#

/*!40000 ALTER TABLE `events` DISABLE KEYS */;
/*!40000 ALTER TABLE `events` ENABLE KEYS */;

#
# Structure for table "fun"
#

DROP TABLE IF EXISTS `fun`;
CREATE TABLE `fun` (
  `Code` char(255) default NULL,
  `Name` char(255) default NULL,
  `method` varchar(255) default NULL,
  UNIQUE KEY `FunID` (`Code`),
  UNIQUE KEY `NameId` (`Name`)
) ENGINE=MyISAM DEFAULT CHARSET=utf8;

#
# Data for table "fun"
#

/*!40000 ALTER TABLE `fun` DISABLE KEYS */;
INSERT INTO `fun` VALUES ('FID_5cff83f8a8e50','用戶查詢',NULL),('FID_5cff83f3cc78b','用戶創建',''),('FID_5cff84009828e','用戶修改',NULL),('FID_5cff834f54be2','儲位刪除','shelfDel'),('FID_5cff8348c6aa5','儲位修改',NULL),('FID_5cff8342a909e','儲位創建','shelfAdd'),('FID_5cff832418531','儲位查詢',NULL),('FID_5cff8405c3b06','用戶刪除',NULL),('FID_5d034aaca2804','貨物入庫',NULL),('FID_5d034ab318e54','貨物出庫',NULL),('FID_5d034abc98b6d','貨物轉移',NULL),('FID_5d034ac30a39c','貨物查詢',NULL);
/*!40000 ALTER TABLE `fun` ENABLE KEYS */;

#
# Structure for table "goods"
#

DROP TABLE IF EXISTS `goods`;
CREATE TABLE `goods` (
  `id` int(11) NOT NULL auto_increment,
  `palletId` char(255) NOT NULL default '' COMMENT '棧板號',
  `model` char(255) NOT NULL default '' COMMENT '機種',
  `item` char(255) NOT NULL default '' COMMENT '料號',
  `so` char(255) NOT NULL default '' COMMENT '訂單',
  `qty` char(255) NOT NULL default '' COMMENT '數量',
  `customer` char(255) default NULL COMMENT '客戶',
  `shelfId` char(255) NOT NULL default '' COMMENT '儲位',
  `uidIn` char(255) default NULL COMMENT '入庫人',
  `dateIn` datetime NOT NULL default '0000-00-00 00:00:00' COMMENT '入庫時間',
  `modifyTime` timestamp NULL default CURRENT_TIMESTAMP on update CURRENT_TIMESTAMP COMMENT '記錄修改時間',
  PRIMARY KEY  (`id`),
  UNIQUE KEY `id` (`id`),
  UNIQUE KEY `palletId` (`palletId`)
) ENGINE=InnoDB DEFAULT CHARSET=utf8;

#
# Data for table "goods"
#

INSERT INTO `goods` VALUES (5,'W000818399-017','TG2492LG_P2','90B2-8F100G0','W000818399','168','','B12A','S09264888','2019-07-17 09:10:34','2019-07-17 09:10:34'),(6,'W000818422-040','TG2482A_P2','90B2AH100010','W000818422','120','','B11C','S09264888','2019-07-17 09:13:05','2019-07-17 09:13:05'),(7,'W000818422-034','TG2482A_P2','90B2AH100010','W000818422','120','','B11C','S09264888','2019-07-17 09:13:15','2019-07-17 09:13:15'),(8,'Z21929404','IPC4100','90B39A100040','W000820751','360','','A0103A','S09264888','2019-07-17 09:14:43','2019-07-17 09:14:43'),(9,'W000820886-044','TG2492LG_P2','90B28F100060','W000820886','126','','B08A','S09264888','2019-07-17 09:15:19','2019-07-17 09:15:19'),(10,'W000820886-043','TG2492LG_P2','90B28F100060','W000820886','126','','B08A','S09264888','2019-07-17 09:16:00','2019-07-17 09:16:00'),(11,'Z01929307','F155','90B3A8100010','W000817496','336','','B06A','S09264888','2019-07-17 09:16:28','2019-07-17 09:16:28'),(12,'Z51929309','VMS4100','90B3A4100030','W000819773','192','','B14A','S09264888','2019-07-17 09:41:43','2019-07-17 09:41:43'),(13,'W000820886-041','TG2492LG_P2','90B28F100060','W000820886','126','','B08A','S09264888','2019-07-17 10:08:31','2019-07-17 10:08:31'),(14,'W000818422-039','TG2482A_P2','90B2AH100010','W000818422','120','','B11C','S09264888','2019-07-17 10:09:44','2019-07-17 10:09:44'),(15,'W000818422-033','TG2482A_P2','90B2AH100010','W000818422','120','','B11C','S09264888','2019-07-17 10:09:51','2019-07-17 10:09:51'),(16,'Z01929403','E990','90B395100010','W000818173','216','','B10C','S09264888','2019-07-17 10:22:26','2019-07-17 10:22:26'),(17,'Z01929308','F155','90B3A8100010','W000817496','336','','B06A','S09264888','2019-07-17 14:01:04','2019-07-17 14:01:04'),(18,'Z41929405','E461','90B3-7C10200','W000808461','672','','B16A','S09264888','2019-07-17 14:11:52','2019-07-17 14:11:52'),(19,'Z41929403','E461','90B3-7C10200','W000808461','672','','B16A','S09264888','2019-07-17 14:12:06','2019-07-17 14:12:06'),(20,'Z41929310','E461','90B3-7C10200','W000813813','672','','C15A','S09264888','2019-07-17 14:14:56','2019-07-17 14:14:56'),(21,'Z4192920B','E461','90B3-7C10200','W000813813','672','','C15A','S09264888','2019-07-17 14:15:03','2019-07-17 14:15:03'),(22,'Z41929402','E461','90B3-7C10200','W000808461','672','','B16A','S09264888','2019-07-17 14:15:13','2019-07-17 14:15:13'),(23,'176387924','UVC-G3-FLEX','90E2-2H00030','W000818927','500','','A0106A','S09264888','2019-07-17 14:37:12','2019-07-17 14:37:12'),(24,'Z61929317','XG1V4','90B39T100050','W000819058','192','','A0101A','S09264888','2019-07-17 14:49:29','2019-07-17 14:49:29'),(25,'Z6192931C','XG1V4','90B39T100050','W000819058','192','','A0101B','S09264888','2019-07-17 14:50:08','2019-07-17 14:50:57'),(26,'Z21929402','IPC4100','90B39A100040','W000820751','360','','A0103A','S09264888','2019-07-17 14:55:51','2019-07-17 14:55:51'),(27,'Z21929403','IPC4100','90B39A100040','W000820751','360','','A0103A','S09264888','2019-07-17 14:56:07','2019-07-17 14:56:07'),(28,'Z41929404','F098','90B3-9310020','W000820159','216','','B07A','S09264888','2019-07-17 15:44:31','2019-07-17 15:44:31'),(29,'Z41929401','F098','90B3-9310020','W000820159','216','','B07A','S09264888','2019-07-17 15:44:39','2019-07-17 15:44:39'),(30,'W000820375-003','TG2482A_P2','90B2AH100010','W000820375','120','','B05B','S09264888','2019-07-17 15:46:29','2019-07-17 15:46:29'),(31,'W000820375-010','TG2482A_P2','90B2AH100010','W000820375','120','','B05B','S09264888','2019-07-17 15:46:37','2019-07-17 15:46:37'),(32,'W000820375-002','TG2482A_P2','90B2AH100010','W000820375','120','','B05B','S09264888','2019-07-17 15:46:47','2019-07-17 15:46:47'),(33,'W000820375-009','TG2482A_P2','90B2AH100010','W000820375','120','','B05B','S09264888','2019-07-17 15:46:59','2019-07-17 15:46:59'),(34,'Z31929402','DMC7002KLG','90B3-6Y10100','W000819759','60','','B01A','S09264888','2019-07-17 15:48:02','2019-07-17 15:48:02'),(35,'Z31929401','DMC7002KLG','90B3-6Y10100','W000819759','60','','B01A','S09264888','2019-07-17 15:48:08','2019-07-17 15:48:08'),(36,'W000820375-006','TG2482A_P2','90B2AH100010','W000820375','120','','B05B','S09264888','2019-07-17 15:48:14','2019-07-17 15:48:14'),(37,'W000820375-011','TG2482A_P2','90B2AH100010','W000820375','120','','B05B','S09264888','2019-07-17 15:48:28','2019-07-17 15:48:28'),(38,'W000820375-008','TG2482A_P2','90B2AH100010','W000820375','120','','B05B','S09264888','2019-07-17 15:48:33','2019-07-17 15:48:33'),(39,'W000820375-007','TG2482A_P2','90B2AH100010','W000820375','120','','B05B','S09264888','2019-07-17 15:48:37','2019-07-17 15:48:37'),(40,'W000820375-013','TG2482A_P2','90B2AH100010','W000820375','120','','B05B','S09264888','2019-07-17 15:48:46','2019-07-17 15:48:46'),(41,'W000820375-014','TG2482A_P2','90B2AH100010','W000820375','120','','B05B','S09264888','2019-07-17 15:48:52','2019-07-17 15:48:52'),(42,'W000820375-015','TG2482A_P2','90B2AH100010','W000820375','120','','B05B','S09264888','2019-07-17 15:48:55','2019-07-17 15:48:55'),(43,'W000820375-005','TG2482A_P2','90B2AH100010','W000820375','120','','B05B','S09264888','2019-07-17 15:48:59','2019-07-17 15:48:59'),(44,'W000820268-024','CM8200B','90B2-9410020','W000820268','270','','B11B','S09264888','2019-07-17 15:49:21','2019-07-17 15:49:21'),(45,'W000820268-020','CM8200B','90B2-9410020','W000820268','270','','B11B','S09264888','2019-07-17 15:49:28','2019-07-17 15:49:28'),(46,'W000820888-006','TG2492LG_P2','90B28F100060','W000820888','126','','B02A','S09264888','2019-07-17 15:49:57','2019-07-17 15:52:47'),(47,'W000820888-001','TG2492LG_P2','90B28F100060','W000820888','126','','B02A','S09264888','2019-07-17 15:50:03','2019-07-17 15:53:55'),(48,'176388089','R2D2_LG','90E2-2L10050','W000818860','48','','A0203A','S09264888','2019-07-17 16:21:15','2019-07-17 16:22:22'),(49,'W000813451-001','TM3202A','90B2-8V10200','W000813451','600','','A0105A','S09281899','2019-07-17 17:22:03','2019-07-17 17:22:03'),(50,'176388129','R2D2_LG','90E2-2L10050','W000818860','48','','A0203A','S09281899','2019-07-17 18:44:35','2019-07-17 18:44:35'),(51,'176387989','AF-5XHD','90BK2G100020','W000806913','400','','A0202A','S09281899','2019-07-17 18:47:28','2019-07-17 18:47:28'),(52,'Z6192931A','SPECTRUM210','90B3-8Z10010','W000807731','192','','C13A','S09281899','2019-07-17 18:50:36','2019-07-17 18:50:36');

#
# Structure for table "goods_shipped"
#

DROP TABLE IF EXISTS `goods_shipped`;
CREATE TABLE `goods_shipped` (
  `id` int(11) NOT NULL auto_increment,
  `palletId` char(255) NOT NULL default '' COMMENT '棧板號',
  `model` char(255) NOT NULL default '' COMMENT '機種',
  `item` char(255) NOT NULL default '' COMMENT '料號',
  `so` char(255) NOT NULL default '' COMMENT '訂單',
  `qty` char(255) NOT NULL default '' COMMENT '數量',
  `customer` char(255) default NULL COMMENT '客戶',
  `uidIn` char(255) NOT NULL default '' COMMENT '入庫人',
  `uidOut` char(255) NOT NULL default '' COMMENT '出庫人',
  `dateIn` datetime NOT NULL default '0000-00-00 00:00:00' COMMENT '入庫時間',
  `dateOut` datetime NOT NULL default '0000-00-00 00:00:00' COMMENT '出庫時間',
  `modifyTime` timestamp NULL default CURRENT_TIMESTAMP on update CURRENT_TIMESTAMP COMMENT '記錄時間',
  PRIMARY KEY  (`id`),
  UNIQUE KEY `id` (`id`),
  UNIQUE KEY `palletId` (`palletId`)
) ENGINE=InnoDB DEFAULT CHARSET=utf8;

#
# Data for table "goods_shipped"
#

INSERT INTO `goods_shipped` VALUES (1,'Z61929316','XG1V4','90B39T100050','W000819058','192','','S09264888','S09264888','2019-07-17 08:57:41','2019-07-17 09:11:38','2019-07-17 09:11:38'),(2,'Z61929317','XG1V4','90B39T100050','W000819058','192','','S09264888','S09264888','2019-07-17 09:00:31','2019-07-17 09:11:57','2019-07-17 09:11:57'),(3,'Z6192931C','XG1V4','90B39T100050','W000819058','192','','S09264888','S09264888','2019-07-17 09:00:47','2019-07-17 09:11:57','2019-07-17 09:11:57'),(4,'Z61929313','XG1V4','90B39T100050','W000819058','192','','S09264888','S09264888','2019-07-17 09:09:30','2019-07-17 09:11:57','2019-07-17 09:11:57');

#
# Structure for table "rfid"
#

DROP TABLE IF EXISTS `rfid`;
CREATE TABLE `rfid` (
  `id` int(11) NOT NULL auto_increment,
  `rid` char(255) NOT NULL,
  `fid` char(255) NOT NULL,
  PRIMARY KEY  (`id`)
) ENGINE=MyISAM AUTO_INCREMENT=173 DEFAULT CHARSET=utf8;

#
# Data for table "rfid"
#

/*!40000 ALTER TABLE `rfid` DISABLE KEYS */;
INSERT INTO `rfid` VALUES (87,'RID_5cff6e1e88eba','FID_5cff8405c3b06'),(88,'RID_5cff6e1e88eba','FID_5cff83f3cc78b'),(89,'RID_5cff6e1e88eba','FID_5cff83f8a8e50'),(90,'RID_5cff6e1e88eba','FID_5d034aaca2804'),(113,'RID_5cff6e1e88eba','FID_5d034ab318e54'),(114,'RID_5cff6e1e88eba','FID_5d034ac30a39c'),(115,'RID_5cff6e1e88eba','FID_5d034abc98b6d'),(124,'RID_5cff6e1e88eba','FID_5cff8342a909e'),(125,'RID_5cff6e1e88eba','FID_5cff832418531'),(129,'RID_5cff6e1e88eba','FID_5cff84009828e'),(148,'RID_5cff6e1e88eba','FID_5cff8348c6aa5'),(149,'RID_5cff6e1e88eba','FID_5cff834f54be2'),(155,'RID_5d2e6b5739f3f','FID_5d034aaca2804'),(156,'RID_5d2e6b5739f3f','FID_5d034ac30a39c'),(157,'RID_5d2e6b5739f3f','FID_5d034abc98b6d'),(158,'RID_5d2e6b5e7ea88','FID_5d034ab318e54'),(159,'RID_5d2e6b5e7ea88','FID_5d034ac30a39c'),(160,'RID_5d2e6b5e7ea88','FID_5d034abc98b6d'),(161,'RID_5d2e6b63ca2bf','FID_5d034aaca2804'),(162,'RID_5d2e6b63ca2bf','FID_5d034ab318e54'),(163,'RID_5d2e6b63ca2bf','FID_5d034ac30a39c'),(164,'RID_5d2e6b63ca2bf','FID_5d034abc98b6d'),(165,'RID_5d2e6b6eb1aa7','FID_5cff8348c6aa5'),(166,'RID_5d2e6b6eb1aa7','FID_5cff834f54be2'),(167,'RID_5d2e6b6eb1aa7','FID_5cff8342a909e'),(168,'RID_5d2e6b6eb1aa7','FID_5cff832418531'),(169,'RID_5d2e6b6eb1aa7','FID_5d034aaca2804'),(170,'RID_5d2e6b6eb1aa7','FID_5d034ab318e54'),(171,'RID_5d2e6b6eb1aa7','FID_5d034ac30a39c'),(172,'RID_5d2e6b6eb1aa7','FID_5d034abc98b6d');
/*!40000 ALTER TABLE `rfid` ENABLE KEYS */;

#
# Structure for table "role"
#

DROP TABLE IF EXISTS `role`;
CREATE TABLE `role` (
  `Code` char(255) NOT NULL,
  `Name` char(255) NOT NULL,
  UNIQUE KEY `RoleID` (`Code`),
  UNIQUE KEY `NameId` (`Name`)
) ENGINE=MyISAM DEFAULT CHARSET=utf8;

#
# Data for table "role"
#

/*!40000 ALTER TABLE `role` DISABLE KEYS */;
INSERT INTO `role` VALUES ('RID_5d2e6b63ca2bf','账务'),('RID_5d2e6b6eb1aa7','仓库管理'),('RID_5cff6e1e88eba','管理員'),('RID_5d2e6b5e7ea88','出库员'),('RID_5d2e6b5739f3f','入库员');
/*!40000 ALTER TABLE `role` ENABLE KEYS */;

#
# Structure for table "shelfs"
#

DROP TABLE IF EXISTS `shelfs`;
CREATE TABLE `shelfs` (
  `id` int(11) NOT NULL auto_increment,
  `ShelfID` char(255) default NULL,
  `Description` char(255) default NULL,
  UNIQUE KEY `id` (`id`),
  UNIQUE KEY `shelfID` (`ShelfID`)
) ENGINE=MyISAM AUTO_INCREMENT=144 DEFAULT CHARSET=utf8;

#
# Data for table "shelfs"
#

/*!40000 ALTER TABLE `shelfs` DISABLE KEYS */;
INSERT INTO `shelfs` VALUES (1,'A0101A','A倉'),(2,'A0102A','A倉'),(3,'A0103A','A倉'),(4,'A0104A','A倉'),(5,'A0105A','A倉'),(6,'A0106A','A倉'),(7,'A0107A','A倉'),(8,'A0108A','A倉'),(9,'A0109A','A倉'),(10,'A0101B','A倉'),(11,'A0102B','A倉'),(12,'A0103B','A倉'),(13,'A0104B','A倉'),(14,'A0105B','A倉'),(15,'A0106B','A倉'),(16,'A0107B','A倉'),(17,'A0108B','A倉'),(18,'A0109B','A倉'),(19,'A0101C','A倉'),(20,'A0102C','A倉'),(21,'A0103C','A倉'),(22,'A0104C','A倉'),(23,'A0105C','A倉'),(24,'A0106C','A倉'),(25,'A0107C','A倉'),(26,'A0108C','A倉'),(27,'A0109C','A倉'),(28,'A0201A','A倉'),(29,'A0202A','A倉'),(30,'A0203A','A倉'),(31,'A0204A','A倉'),(32,'A0205A','A倉'),(33,'A0206A','A倉'),(34,'A0207A','A倉'),(35,'A0208A','A倉'),(36,'A0209A','A倉'),(37,'A0210A','A倉'),(38,'A0211A','A倉'),(39,'A0201B','A倉'),(40,'A0202B','A倉'),(41,'A0203B','A倉'),(42,'A0204B','A倉'),(43,'A0205B','A倉'),(44,'A0206B','A倉'),(45,'A0207B','A倉'),(46,'A0208B','A倉'),(47,'A0209B','A倉'),(48,'A0210B','A倉'),(49,'A0211B','A倉'),(50,'A0201C','A倉'),(51,'A0202C','A倉'),(52,'A0203C','A倉'),(53,'A0204C','A倉'),(54,'A0205C','A倉'),(55,'A0206C','A倉'),(56,'A0207C','A倉'),(57,'A0208C','A倉'),(58,'A0209C','A倉'),(59,'A0210C','A倉'),(60,'A0211C','A倉'),(61,'A21A','A倉'),(62,'A22A','A倉'),(63,'A23A','A倉'),(64,'B01A','B倉'),(65,'B02A','B倉'),(66,'B03A','B倉'),(67,'B04A','B倉'),(68,'B05A','B倉'),(69,'B06A','B倉'),(70,'B07A','B倉'),(71,'B08A','B倉'),(72,'B09A','B倉'),(73,'B10A','B倉'),(74,'B11A','B倉'),(75,'B01B','B倉'),(76,'B02B','B倉'),(77,'B03B','B倉'),(78,'B04B','B倉'),(79,'B05B','B倉'),(80,'B06B','B倉'),(81,'B07B','B倉'),(82,'B08B','B倉'),(83,'B09B','B倉'),(84,'B10B','B倉'),(85,'B11B','B倉'),(86,'B01C','B倉'),(87,'B02C','B倉'),(88,'B03C','B倉'),(89,'B04C','B倉'),(90,'B05C','B倉'),(91,'B06C','B倉'),(92,'B07C','B倉'),(93,'B08C','B倉'),(94,'B09C','B倉'),(95,'B10C','B倉'),(96,'B11C','B倉'),(97,'B12A','B倉'),(98,'B13A','B倉'),(99,'B14A','B倉'),(100,'B15A','B倉'),(101,'B16A','B倉'),(102,'B17A','B倉'),(103,'B18A','B倉'),(104,'B19A','B倉'),(105,'B20A','B倉'),(106,'C01A','C倉'),(107,'C02A','C倉'),(108,'C03A','C倉'),(109,'C04A','C倉'),(110,'C05A','C倉'),(111,'C06A','C倉'),(112,'C07A','C倉'),(113,'C08A','C倉'),(114,'C09A','C倉'),(115,'C01B','C倉'),(116,'C02B','C倉'),(117,'C03B','C倉'),(118,'C04B','C倉'),(119,'C05B','C倉'),(120,'C06B','C倉'),(121,'C07B','C倉'),(122,'C08B','C倉'),(123,'C09B','C倉'),(124,'C01C','C倉'),(125,'C02C','C倉'),(126,'C03C','C倉'),(127,'C04C','C倉'),(128,'C05C','C倉'),(129,'C06C','C倉'),(130,'C07C','C倉'),(131,'C08C','C倉'),(132,'C09C','C倉'),(133,'C10A','C倉'),(134,'C11A','C倉'),(135,'C12A','C倉'),(136,'C13A','C倉'),(137,'C14A','C倉'),(138,'C15A','C倉'),(139,'C16A','C倉'),(140,'C17A','C倉'),(141,'C18A','C倉'),(142,'C19A','C倉'),(143,'C20A','C倉');
/*!40000 ALTER TABLE `shelfs` ENABLE KEYS */;

#
# Structure for table "urid"
#

DROP TABLE IF EXISTS `urid`;
CREATE TABLE `urid` (
  `id` int(11) NOT NULL auto_increment,
  `uid` char(255) NOT NULL,
  `rid` char(255) NOT NULL,
  PRIMARY KEY  (`id`)
) ENGINE=MyISAM AUTO_INCREMENT=106 DEFAULT CHARSET=utf8;

#
# Data for table "urid"
#

/*!40000 ALTER TABLE `urid` DISABLE KEYS */;
INSERT INTO `urid` VALUES (87,'admin','RID_5cff6e1e88eba'),(98,'S09281899','RID_5d2e6b6eb1aa7'),(99,'S09281899','RID_5d2e6b5739f3f'),(100,'S09281899','RID_5d2e6b5e7ea88'),(101,'S09112964','RID_5d2e6b6eb1aa7'),(102,'S09112964','RID_5d2e6b5739f3f'),(103,'S09112964','RID_5d2e6b5e7ea88'),(104,'S09112964','RID_5cff6e1e88eba'),(105,'S09112964','RID_5d2e6b63ca2bf'),(106,'S09264888','RID_5cff6e1e88eba');
/*!40000 ALTER TABLE `urid` ENABLE KEYS */;

#
# Structure for table "users"
#

DROP TABLE IF EXISTS `users`;
CREATE TABLE `users` (
  `id` int(11) NOT NULL auto_increment,
  `uid` char(255) NOT NULL default '' COMMENT '賬號',
  `name` char(255) NOT NULL default '' COMMENT '姓名',
  `pwd` char(255) NOT NULL default '' COMMENT '密碼',
  `mail` char(255) default NULL COMMENT '郵件',
  `lastLogin` datetime default NULL COMMENT '最後登錄時間',
  `loginTimes` int(11) default NULL COMMENT '總登錄次數',
  `loginAddr` char(255) default NULL COMMENT '最後登錄地址',
  `enable` tinyint(1) NOT NULL default '1' COMMENT '啟用',
  PRIMARY KEY  (`id`),
  UNIQUE KEY `RowId` (`id`),
  UNIQUE KEY `Uid` (`uid`)
) ENGINE=MyISAM AUTO_INCREMENT=16 DEFAULT CHARSET=utf8;

#
# Data for table "users"
#

/*!40000 ALTER TABLE `users` DISABLE KEYS */;
INSERT INTO `users` VALUES (10,'admin','管理員','$2y$10$G7YXg95R.9PCWRnBve2n7OeoPIJAyyI/79Bd6RQnh194sCVBa0tT6',NULL,'2019-07-17 13:21:48',1,'172.24.253.52',1),(14,'S09281899','魏宏波','$2y$10$mUK4oR2JEW6ZBqGkHPdahO5aIbwms4KnMiVcyHIAOMT5Ph6C6kTb.','','2019-07-17 18:05:13',2,'172.22.81.9',1),(15,'S09112964','張警衛','$2y$10$2L7cjAPsTPsNZcd55HrKa.8z4uBWUgUfzdL7NbCRpalWEEySeh5ea','',NULL,0,NULL,1),(16,'S09264888','易志平','$2y$10$jMae7aMPT.7FF.HLD3EwSuRzHxN.Ny1phBMkGHmH9WgedThY1PiRW','','2019-07-17 18:31:03',4,'172.24.253.51',1);
/*!40000 ALTER TABLE `users` ENABLE KEYS */;
